address,amount
"0xd89cb353a8d5d04b9FBEF480d66b3Bd94DcECaC3","1000000000000000000"
"0x3Eea56c1c17EA268993484753a6fd6b52b677Dee","2"
"0xB8b0c6bcd2aFf8E94bFB63243E86ddbE66a1B8a5","3"
"0xa342e6aaBDE458fb215d8653168b0827A539a267","4"
"0x6DE49d7CFB71784BEc7e9C6FFF49e19a9dDA7Fb6","5"
"0x5Ae5C352D49F8B024537541937b5AA53b1a83de6","6"
"0x2779c54499721249A52587958bf2E65403b06544","7"
"0x7c9820Da37Ac7289f55b0E32349e05010316cb92","8"
"0xa88eD9AC4181e17d413e93A3ADe455b8cdCd667F","9"
"0x189a4038C968FcF97e0D3d83cd6Ec0367CeDF3Bd","10"